ARGY01000000,CNP193
34968.assembled,CNR909
ARHA01000000,CNS744
ARHR01000000,CNQ766
36410.assembled,CNS296
ARIQ01000000,CNT859
AZWB01000000,CNT029
ARHH01000000,CNY280
34964.assembled,CNT403
AIIJ01.1,CNT088
ARGI01000000,CNS860
ARHF01000000,CNY256
AZXH01000000,CNH898
ARHJ01000000,CNT584
ARHB01000000,CNX481
ARHS01000000,CNS335
AQPE01000000,CNS615
ARKT01000000,CNR107
AUKT01000000,CNS243
AZWU01000000,CNT005
JHVW01000000,CNT250
AUKM01000000,CNS299
ARGL01000000,CNT045
ARHC01000000,CNX814
2517287019,CNS960
35130.assembled,CNQ525
AZVD01000000,CNT799
37324.assembled,CNS3421375809329249
35132.assembled,CNY694
ARGK01000000,CNS996
JAEY01000000,CNH964
AZWV01000000,CNH941
35578.assembled,CNY646
ARKV01000000,CNY282
ARHI01000000,CNQ768
AZWQ01000000,CNT569
ARHG01000000,CNY260
ARHP01000000,CNR699
ARER01000000,CNS673
ARKU01000000,CNY234
35129.assembled,CNY690
37235.assembled,CNH7321375809328691
ARHN01000000,CNY330
AZVY01000000,CNT138
ARGG01000000,CNR942
ARHU01000000,CNY243
2516143022,CNS991
ARGZ01000000,CNP105
2516653042,CNT133
AREQ01000000,CNT849
34969.assembled,CNQ884
ARHM01000000,CNY237
ARIM01000000,CNT302
ARHE01000000,CNY231
AUGH01000000,CNS237
ARGJ01000000,CNS863
35126.assembled,CNY681
35561.assembled,CNY703
ARHL01000000,CNT851
AZWX01000000,CNT857
AZWK01000000,CNS197
35581.assembled,CNY363
ARKS01000000,CNH962
37242.assembled,CNS3251375809329194
ARHD01000000,CNY011
ARGX01000000,CNS051
35607.assembled,CNY498
AXVS01000000,CNR425
ARGM01000000,CNT124
ARHQ01000000,CNS416
2515154186,CNT798
AZWY01000000,CNQ748
35123.assembled,CNH718
ARHO01000000,CNY331
AUKP01000000,CNQ865
ARKR01000000,CNH877
